Price,Close
Ticker,JBH.AX
Date,
2020-01-02,28.414072036743164
2020-01-03,28.54066276550293
2020-01-06,28.697032928466797
2020-01-07,29.21080207824707
2020-01-08,28.667238235473633
2020-01-09,29.836259841918945
2020-01-10,30.48407554626465
2020-01-13,29.940513610839844
2020-01-14,30.677669525146484
2020-01-15,30.52130889892578
2020-01-16,30.71489906311035
2020-01-17,30.52874755859375
2020-01-20,29.93306541442871
2020-01-21,30.044750213623047
2020-01-22,30.46918296813965
2020-01-23,30.476633071899414
2020-01-24,30.536191940307617
2020-01-28,30.022418975830078
2020-01-29,30.25324821472168
2020-01-30,30.37238311767578
2020-01-31,29.530981063842773
2020-02-03,29.612886428833008
2020-02-04,30.64043617248535
2020-02-05,30.64788246154785
2020-02-06,29.992631912231445
2020-02-07,29.858604431152344
2020-02-10,33.291229248046875
2020-02-11,31.98072624206543
2020-02-12,31.697784423828125
2020-02-13,30.96061897277832
2020-02-14,30.93828010559082
2020-02-17,30.82659149169922
2020-02-18,30.68511962890625
2020-02-19,30.975509643554688
2020-02-20,30.22038459777832
2020-02-21,30.685667037963867
2020-02-24,29.205921173095703
2020-02-25,28.56520652770996
2020-02-26,27.993139266967773
2020-02-27,28.32111930847168
2020-02-28,28.061786651611328
2020-03-02,27.51259994506836
2020-03-03,27.375303268432617
2020-03-04,26.765100479125977
2020-03-05,26.398977279663086
2020-03-06,26.13201332092285
2020-03-09,24.316654205322266
2020-03-10,25.689617156982422
2020-03-11,25.63621711730957
2020-03-12,23.546274185180664
2020-03-13,25.5752010345459
2020-03-16,23.027597427368164
2020-03-17,23.584407806396484
2020-03-18,22.127548217773438
2020-03-19,21.029176712036133
2020-03-20,21.036800384521484
2020-03-23,18.771421432495117
2020-03-24,18.428176879882812
2020-03-25,17.924760818481445
2020-03-26,19.709609985351562
2020-03-27,18.527339935302734
2020-03-30,20.479991912841797
2020-03-31,21.357160568237305
2020-04-01,23.637802124023438
2020-04-02,24.18698501586914
2020-04-03,22.211450576782227
2020-04-06,23.439483642578125
2020-04-07,23.35558319091797
2020-04-08,24.125965118408203
2020-04-09,25.857423782348633
2020-04-14,25.804025650024414
2020-04-15,25.865049362182617
2020-04-16,24.62175750732422
2020-04-17,25.224334716796875
2020-04-20,24.560733795166016
2020-04-21,24.49208641052246
2020-04-22,25.43027687072754
2020-04-23,25.354005813598633
2020-04-24,25.720129013061523
2020-04-27,26.29981803894043
2020-04-28,26.04810905456543
2020-04-29,26.55915641784668
2020-04-30,26.818490982055664
2020-05-01,26.18541145324707
2020-05-04,25.910818099975586
2020-05-05,25.89556121826172
2020-05-06,26.77272605895996
2020-05-07,25.926067352294922
2020-05-08,26.8947696685791
2020-05-11,27.550739288330078
2020-05-12,26.780357360839844
2020-05-13,26.71933364868164
2020-05-14,26.08624839782715
2020-05-15,26.154895782470703
2020-05-18,25.94132423400879
2020-05-19,26.94053077697754
2020-05-20,26.97104835510254
2020-05-21,27.18461799621582
2020-05-22,26.810869216918945
2020-05-25,27.802452087402344
2020-05-26,27.84058380126953
2020-05-27,28.603342056274414
2020-05-28,28.786407470703125
2020-05-29,28.313493728637695
2020-06-01,28.95421028137207
2020-06-02,29.60255241394043
2020-06-03,30.426328659057617
2020-06-04,30.73143196105957
2020-06-05,30.77719497680664
2020-06-09,30.746686935424805
2020-06-10,32.035743713378906
2020-06-11,30.678043365478516
2020-06-12,30.51022720336914
2020-06-15,28.99234390258789
2020-06-16,30.670406341552734
2020-06-17,31.898447036743164
2020-06-18,30.357681274414062
2020-06-19,30.49497413635254
2020-06-22,30.37293243408203
2020-06-23,31.616230010986328
2020-06-24,31.93658447265625
2020-06-25,31.661991119384766
2020-06-26,32.21880340576172
2020-06-29,32.7298469543457
2020-06-30,32.821380615234375
2020-07-01,32.64594650268555
2020-07-02,32.569671630859375
2020-07-03,32.562042236328125
2020-07-06,32.86715316772461
2020-07-07,33.16461944580078
2020-07-08,32.340850830078125
2020-07-09,32.53916549682617
2020-07-10,32.340850830078125
2020-07-13,32.7603645324707
2020-07-14,32.39423751831055
2020-07-15,32.89765548706055
2020-07-16,32.47052001953125
2020-07-17,32.966304779052734
2020-07-20,32.6993408203125
2020-07-21,33.347686767578125
2020-07-22,32.958675384521484
2020-07-23,33.76719665527344
2020-07-24,33.8968620300293
2020-07-27,34.324012756347656
2020-07-28,34.04179382324219
2020-07-29,33.91975402832031
2020-07-30,34.7740364074707
2020-07-31,34.83506393432617
2020-08-03,34.03416061401367
2020-08-04,33.622276306152344
2020-08-05,34.16383361816406
2020-08-06,34.9189567565918
2020-08-07,34.827430725097656
2020-08-10,35.117279052734375
2020-08-11,34.88844680786133
2020-08-12,35.31559371948242
2020-08-13,35.39187240600586
2020-08-14,36.101234436035156
2020-08-17,37.83268737792969
2020-08-18,36.665672302246094
2020-08-19,38.32085418701172
2020-08-20,38.900543212890625
2020-08-21,38.85477828979492
2020-08-24,39.25141143798828
2020-08-25,39.96840286254883
2020-08-26,39.86924362182617
2020-08-27,40.171932220458984
2020-08-28,39.70625686645508
2020-08-31,38.930145263671875
2020-09-01,38.89909744262695
2020-09-02,39.65969467163086
2020-09-03,39.45014190673828
2020-09-04,38.63521957397461
2020-09-07,37.78147888183594
2020-09-08,36.7104377746582
2020-09-09,36.53969192504883
2020-09-10,36.58625793457031
2020-09-11,36.361183166503906
2020-09-14,36.05849838256836
2020-09-15,36.29133605957031
2020-09-16,36.99760818481445
2020-09-17,36.67939758300781
2020-09-18,36.51641082763672
2020-09-21,36.477603912353516
2020-09-22,36.53193283081055
2020-09-23,37.36238098144531
2020-09-24,36.819087982177734
2020-09-25,36.93551254272461
2020-09-28,36.56298065185547
2020-09-29,36.75700759887695
2020-09-30,36.524169921875
2020-10-01,36.081787109375
2020-10-02,35.864471435546875
2020-10-05,36.66387176513672
2020-10-06,36.508644104003906
2020-10-07,37.835811614990234
2020-10-08,38.495513916015625
2020-10-09,38.565364837646484
2020-10-12,38.96894454956055
2020-10-13,39.81491470336914
2020-10-14,40.808345794677734
2020-10-15,40.38148498535156
2020-10-16,40.49790573120117
2020-10-19,40.51342010498047
2020-10-20,40.249542236328125
2020-10-21,39.60536575317383
2020-10-22,39.79939270019531
2020-10-23,39.45014190673828
2020-10-26,38.4256591796875
2020-10-27,38.34804916381836
2020-10-28,39.19401931762695
2020-10-29,36.77252960205078
2020-10-30,36.81133270263672
2020-11-02,37.0984992980957
2020-11-03,37.38566207885742
2020-11-04,37.68058395385742
2020-11-05,37.88237762451172
2020-11-06,37.835811614990234
2020-11-09,38.94566345214844
2020-11-10,36.05849838256836
2020-11-11,34.47521209716797
2020-11-12,35.282379150390625
2020-11-13,35.55402755737305
2020-11-16,35.98865509033203
2020-11-17,35.499698638916016
2020-11-18,35.36775207519531
2020-11-19,35.35222625732422
2020-11-20,35.71701431274414
2020-11-23,35.31342697143555
2020-11-24,35.817901611328125
2020-11-25,35.228050231933594
2020-11-26,35.53073501586914
2020-11-27,35.73252868652344
2020-11-30,35.47641372680664
2020-12-01,35.97312545776367
2020-12-02,35.15819549560547
2020-12-03,35.38327407836914
2020-12-04,34.92536544799805
2020-12-07,34.1259651184082
2020-12-08,33.28775405883789
2020-12-09,34.087154388427734
2020-12-10,34.74686050415039
2020-12-11,34.16476821899414
2020-12-14,35.82566452026367
2020-12-15,35.864471435546875
2020-12-16,36.24476623535156
2020-12-17,36.77252960205078
2020-12-18,37.253726959228516
2020-12-21,37.54865264892578
2020-12-22,37.00537109375
2020-12-23,37.29252624511719
2020-12-24,37.50208282470703
2020-12-29,37.618499755859375
2020-12-30,37.91342544555664
2020-12-31,37.73491668701172
2021-01-04,38.71282958984375
2021-01-05,38.223873138427734
2021-01-06,37.46327590942383
2021-01-07,36.82685852050781
2021-01-08,38.666263580322266
2021-01-11,38.61968994140625
2021-01-12,39.3492431640625
2021-01-13,40.249542236328125
2021-01-14,39.76835250854492
2021-01-15,39.40357208251953
2021-01-18,40.901485443115234
2021-01-19,41.66984558105469
2021-01-20,40.47461700439453
2021-01-21,40.35819625854492
2021-01-22,39.589839935302734
2021-01-25,40.38924026489258
2021-01-27,40.72297286987305
2021-01-28,39.78386688232422
2021-01-29,40.1796989440918
2021-02-01,39.38029479980469
2021-02-02,40.14088821411133
2021-02-03,40.38924026489258
2021-02-04,40.03998947143555
2021-02-05,39.65193176269531
2021-02-08,40.47461700439453
2021-02-09,40.397003173828125
2021-02-10,40.29610824584961
2021-02-11,39.72178268432617
2021-02-12,39.496707916259766
2021-02-15,40.69969177246094
2021-02-16,40.03998947143555
2021-02-17,39.6286506652832
2021-02-18,39.170738220214844
2021-02-19,38.588645935058594
2021-02-22,38.549842834472656
2021-02-23,37.183868408203125
2021-02-24,36.73372268676758
2021-02-25,36.74985885620117
2021-02-26,35.02329635620117
2021-03-01,35.99953079223633
2021-03-02,36.919288635253906
2021-03-03,36.741790771484375
2021-03-04,37.435646057128906
2021-03-05,36.57236099243164
2021-03-08,37.09678268432617
2021-03-09,37.5485954284668
2021-03-10,38.444149017333984
2021-03-11,38.8314094543457
2021-03-12,39.2670783996582
2021-03-15,39.1944694519043
2021-03-16,39.791500091552734
2021-03-17,40.18684005737305
2021-03-18,41.22761535644531
2021-03-19,41.96179962158203
2021-03-22,41.824649810791016
2021-03-23,41.54226303100586
2021-03-24,42.5669059753418
2021-03-25,42.85736083984375
2021-03-26,43.535064697265625
2021-03-29,41.98600769042969
2021-03-30,41.752037048339844
2021-03-31,41.77623748779297
2021-04-01,41.155006408691406
2021-04-06,42.44588088989258
2021-04-07,42.236114501953125
2021-04-08,42.13930130004883
2021-04-09,42.13930130004883
2021-04-12,42.07475662231445
2021-04-13,42.4781608581543
2021-04-14,42.558837890625
2021-04-15,42.098960876464844
2021-04-16,41.89726257324219
2021-04-19,42.36520004272461
2021-04-20,42.74440383911133
2021-04-21,43.0832633972168
2021-04-22,42.599178314208984
2021-04-23,40.45309066772461
2021-04-26,38.815277099609375
2021-04-27,38.339263916015625
2021-04-28,36.79827117919922
2021-04-29,37.29042053222656
2021-04-30,37.33882522583008
2021-05-03,37.29848861694336
2021-05-04,37.04838180541992
2021-05-05,37.08064270019531
2021-05-06,37.282352447509766
2021-05-07,37.782562255859375
2021-05-10,37.951995849609375
2021-05-11,37.693824768066406
2021-05-12,37.59700012207031
2021-05-13,37.42757034301758
2021-05-14,38.129493713378906
2021-05-17,39.1057243347168
2021-05-18,38.56516647338867
2021-05-19,38.39573669433594
2021-05-20,39.162200927734375
2021-05-21,38.28278350830078
2021-05-24,38.637779235839844
2021-05-25,38.904022216796875
2021-05-26,38.89595413208008
2021-05-27,38.782997131347656
2021-05-28,38.86368179321289
2021-05-31,39.17026138305664
2021-06-01,38.8314094543457
2021-06-02,38.815277099609375
2021-06-03,38.79914093017578
2021-06-04,39.05731964111328
2021-06-07,38.99277877807617
2021-06-08,38.86368179321289
2021-06-09,38.30698776245117
2021-06-10,38.86368179321289
2021-06-11,38.4118766784668
2021-06-15,38.71846008300781
2021-06-16,38.686187744140625
2021-06-17,38.428009033203125
2021-06-18,39.2670783996582
2021-06-21,39.0895881652832
2021-06-22,38.468353271484375
2021-06-23,38.492557525634766
2021-06-24,38.89595413208008
2021-06-25,39.58174133300781
2021-06-28,40.08195877075195
2021-06-29,40.29172134399414
2021-06-30,40.80807876586914
2021-07-01,40.420806884765625
2021-07-02,40.60637283325195
2021-07-05,40.436946868896484
2021-07-06,39.12992858886719
2021-07-07,39.25901412963867
2021-07-08,39.05731964111328
2021-07-09,38.234378814697266
2021-07-12,38.01653289794922
2021-07-13,38.02460479736328
2021-07-14,38.645851135253906
2021-07-15,38.66197967529297
2021-07-16,38.710391998291016
2021-07-19,38.50869369506836
2021-07-20,39.94479751586914
2021-07-21,39.93673324584961
2021-07-22,39.95286560058594
2021-07-23,40.50149154663086
2021-07-26,40.6628532409668
2021-07-27,40.34013366699219
2021-07-28,39.73502731323242
2021-07-29,39.83991241455078
2021-07-30,38.7588005065918
2021-08-02,39.920589447021484
2021-08-03,39.90445327758789
2021-08-04,39.47685241699219
2021-08-05,39.509124755859375
2021-08-06,39.4365119934082
2021-08-09,38.8394775390625
2021-08-10,38.96856689453125
2021-08-11,38.879825592041016
2021-08-12,38.516754150390625
2021-08-13,38.98470687866211
2021-08-16,39.9609375
2021-08-17,40.7515983581543
2021-08-18,40.009342193603516
2021-08-19,40.05775451660156
2021-08-20,39.1057243347168
2021-08-23,38.79914093017578
2021-08-24,38.20209884643555
2021-08-25,38.85561752319336
2021-08-26,38.0057258605957
2021-08-27,37.601409912109375
2021-08-30,37.79118347167969
2021-08-31,37.782936096191406
2021-09-01,37.799442291259766
2021-09-02,37.23834991455078
2021-09-03,37.18059158325195
2021-09-06,37.584903717041016
2021-09-07,37.83244705200195
2021-09-08,37.782936096191406
2021-09-09,37.04856872558594
2021-09-10,37.05682373046875
2021-09-13,36.98255920410156
2021-09-14,37.584903717041016
2021-09-15,37.29610824584961
2021-09-16,36.999061584472656
2021-09-17,37.6591682434082
2021-09-20,36.62775421142578
2021-09-21,36.97431182861328
2021-09-22,36.6607551574707
2021-09-23,37.601409912109375
2021-09-24,36.80928421020508
2021-09-27,37.172340393066406
2021-09-28,36.59474563598633
2021-09-29,36.46272277832031
2021-09-30,37.560150146484375
2021-10-01,37.3538703918457
2021-10-04,37.593162536621094
2021-10-05,37.21359634399414
2021-10-06,37.91496276855469
2021-10-07,38.54206466674805
2021-10-08,39.20216751098633
2021-10-11,39.40019989013672
2021-10-12,38.89686584472656
2021-10-13,38.641075134277344
2021-10-14,38.72359085083008
2021-10-15,38.66583251953125
2021-10-18,38.278018951416016
2021-10-19,39.317691802978516
2021-10-20,39.317691802978516
2021-10-21,38.921627044677734
2021-10-22,39.466217041015625
2021-10-25,39.08665084838867
2021-10-26,39.39195251464844
2021-10-27,38.690582275390625
2021-10-28,39.961299896240234
2021-10-29,41.66107940673828
2021-11-01,41.8343505859375
2021-11-02,41.7353401184082
2021-11-03,41.504302978515625
2021-11-04,41.504302978515625
2021-11-05,41.4052848815918
2021-11-08,41.479549407958984
2021-11-09,41.57855987548828
2021-11-10,41.718833923339844
2021-11-11,41.77659225463867
2021-11-12,41.273258209228516
2021-11-15,41.46303939819336
2021-11-16,41.0174674987793
2021-11-17,41.45479202270508
2021-11-18,41.16600036621094
2021-11-19,40.96796417236328
2021-11-22,40.81943893432617
2021-11-23,40.4893798828125
2021-11-24,39.722007751464844
2021-11-25,39.35894775390625
2021-11-26,39.12791061401367
2021-11-29,39.40019989013672
2021-11-30,39.76327133178711
2021-12-01,38.971134185791016
2021-12-02,39.30118942260742
2021-12-03,39.169166564941406
2021-12-06,38.74009704589844
2021-12-07,39.515724182128906
2021-12-08,39.73026657104492
2021-12-09,39.33419418334961
2021-12-10,39.44145965576172
2021-12-13,39.276432037353516
2021-12-14,38.839115142822266
2021-12-15,37.956214904785156
2021-12-16,38.87211990356445
2021-12-17,39.317691802978516
2021-12-20,39.52397918701172
2021-12-21,39.80452346801758
2021-12-22,39.821022033691406
2021-12-23,39.97780227661133
2021-12-24,40.01905822753906
2021-12-29,40.29135513305664
2021-12-30,40.55539321899414
2021-12-31,39.87053680419922
2022-01-04,40.26659393310547
2022-01-05,40.08506774902344
2022-01-06,38.16250228881836
2022-01-07,38.311031341552734
2022-01-10,37.403377532958984
2022-01-11,37.19709396362305
2022-01-12,37.05682373046875
2022-01-13,37.073326110839844
2022-01-14,37.230098724365234
2022-01-17,38.48430633544922
2022-01-18,41.1247444152832
2022-01-19,40.4481315612793
2022-01-20,39.7550163269043
2022-01-21,39.40019989013672
2022-01-24,38.624576568603516
2022-01-25,37.749935150146484
2022-01-27,36.206932067871094
2022-01-28,37.32911682128906
2022-01-31,37.94796371459961
2022-02-01,38.34403610229492
2022-02-02,39.317691802978516
2022-02-03,38.96288299560547
2022-02-04,39.705509185791016
2022-02-07,39.77976989746094
2022-02-08,40.19233322143555
2022-02-09,40.679161071777344
2022-02-10,40.76167678833008
2022-02-11,40.47288131713867
2022-02-14,42.66774368286133
2022-02-15,44.309757232666016
2022-02-16,44.681068420410156
2022-02-17,43.98796081542969
2022-02-18,44.276756286621094
2022-02-21,44.334510803222656
2022-02-22,43.6661491394043
2022-02-23,42.69561004638672
2022-02-24,41.77613830566406
2022-02-25,41.76762390136719
2022-02-28,41.98046875
2022-03-01,42.576412200927734
2022-03-02,42.72114562988281
2022-03-03,43.206424713134766
2022-03-04,42.15925216674805
2022-03-07,42.37208938598633
2022-03-08,41.997493743896484
2022-03-09,42.303985595703125
2022-03-10,43.48737335205078
2022-03-11,42.53384780883789
2022-03-14,43.05317687988281
2022-03-15,42.05708694458008
2022-03-16,42.06560134887695
2022-03-17,42.312496185302734
2022-03-18,41.656951904296875
2022-03-21,42.346553802490234
2022-03-22,42.74668884277344
2022-03-23,43.16385269165039
2022-03-24,45.03683853149414
2022-03-25,46.637393951416016
2022-03-28,45.93076705932617
2022-03-29,47.00347900390625
2022-03-30,47.54834747314453
2022-03-31,46.16063690185547
2022-04-01,45.30927658081055
2022-04-04,44.824005126953125
2022-04-05,45.224143981933594
2022-04-06,44.61116027832031
2022-04-07,43.87899398803711
2022-04-08,44.01521301269531
2022-04-11,44.100345611572266
2022-04-12,43.78534698486328
2022-04-13,43.79385757446289
2022-04-14,43.42777633666992
2022-04-19,43.478851318359375
2022-04-20,44.01521301269531
2022-04-21,43.62358474731445
2022-04-22,44.125892639160156
2022-04-26,44.4664306640625
2022-04-27,44.21953582763672
2022-04-28,44.50899887084961
2022-04-29,45.096439361572266
2022-05-02,44.500484466552734
2022-05-03,44.457923889160156
2022-05-04,42.338035583496094
2022-05-05,42.925472259521484
2022-05-06,41.47816467285156
2022-05-09,40.83113098144531
2022-05-10,41.00140380859375
2022-05-11,40.42247772216797
2022-05-12,40.16707229614258
2022-05-13,41.31640625
2022-05-16,40.984378814697266
2022-05-17,40.61829376220703
2022-05-18,40.933292388916016
2022-05-19,38.217464447021484
2022-05-20,39.29017639160156
2022-05-23,39.65625762939453
2022-05-24,38.85597610473633
2022-05-25,38.9921989440918
2022-05-26,38.558006286621094
2022-05-27,39.52003860473633
2022-05-30,39.57963562011719
2022-05-31,39.128414154052734
2022-06-01,39.170982360839844
2022-06-02,39.23908996582031
2022-06-03,39.41788101196289
2022-06-06,38.46435546875
2022-06-07,37.1362419128418
2022-06-08,37.212860107421875
2022-06-09,37.212860107421875
2022-06-10,35.49311828613281
2022-06-14,33.46688461303711
2022-06-15,32.76026153564453
2022-06-16,32.6325569152832
2022-06-17,31.542816162109375
2022-06-20,32.7943115234375
2022-06-21,33.6541862487793
2022-06-22,33.51796340942383
2022-06-23,33.00714874267578
2022-06-24,33.56904602050781
2022-06-27,34.55662155151367
2022-06-28,33.21147537231445
2022-06-29,32.93904495239258
2022-06-30,32.743228912353516
2022-07-01,32.402687072753906
2022-07-04,33.24552917480469
2022-07-05,33.134849548339844
2022-07-06,33.237022399902344
2022-07-07,33.739322662353516
2022-07-08,34.59918975830078
2022-07-11,34.07135009765625
2022-07-12,33.492427825927734
2022-07-13,34.2841911315918
2022-07-14,34.70987319946289
2022-07-15,34.37784194946289
2022-07-18,34.80352020263672
2022-07-19,35.55270767211914
2022-07-20,37.195831298828125
2022-07-21,36.97447967529297
2022-07-22,37.851375579833984
2022-07-25,37.09367370605469
2022-07-26,36.75312805175781
2022-07-27,36.659481048583984
2022-07-28,35.8421745300293
2022-07-29,35.833656311035156
2022-08-01,36.01244354248047
2022-08-02,37.12772750854492
2022-08-03,36.58285903930664
2022-08-04,36.965965270996094
2022-08-05,37.78327560424805
2022-08-08,37.28948211669922
2022-08-09,37.68111038208008
2022-08-10,38.17489242553711
2022-08-11,39.19652557373047
2022-08-12,38.77935791015625
2022-08-15,38.3962516784668
2022-08-16,37.58745574951172
2022-08-17,37.64706039428711
2022-08-18,37.3065071105957
2022-08-19,37.6981315612793
2022-08-22,37.263946533203125
2022-08-23,36.906368255615234
2022-08-24,37.29800033569336
2022-08-25,36.539329528808594
2022-08-26,37.500892639160156
2022-08-29,35.7365608215332
2022-08-30,36.451114654541016
2022-08-31,35.89535140991211
2022-09-01,35.12786865234375
2022-09-02,34.81911087036133
2022-09-05,35.418983459472656
2022-09-06,35.08375930786133
2022-09-07,34.56328201293945
2022-09-08,35.72774124145508
2022-09-09,36.1688232421875
2022-09-12,37.545005798339844
2022-09-13,37.589107513427734
2022-09-14,35.94828414916992
2022-09-15,36.521690368652344
2022-09-16,36.51286697387695
2022-09-19,36.01885986328125
2022-09-20,36.01885986328125
2022-09-21,35.43662643432617
2022-09-23,33.89282989501953
2022-09-26,34.28098678588867
2022-09-27,34.201595306396484
2022-09-28,33.857547760009766
2022-09-29,34.28098678588867
2022-09-30,33.487037658691406
2022-10-03,33.195926666259766
2022-10-04,35.233726501464844
2022-10-05,35.498382568359375
2022-10-06,35.551307678222656
2022-10-07,35.480735778808594
2022-10-10,35.08375930786133
2022-10-11,34.62503433227539
2022-10-12,34.77499771118164
2022-10-13,35.507198333740234
2022-10-14,36.31879425048828
2022-10-17,35.84242248535156
2022-10-18,36.95395278930664
2022-10-19,36.539329528808594
2022-10-20,35.75420379638672
2022-10-21,35.6395263671875
2022-10-24,36.3629035949707
2022-10-25,37.068634033203125
2022-10-26,37.76554870605469
2022-10-27,37.9155158996582
2022-10-28,36.962772369384766
2022-10-31,37.853759765625
2022-11-01,38.43599319458008
2022-11-02,38.79767608642578
2022-11-03,37.55382537841797
2022-11-04,37.49207305908203
2022-11-07,37.862579345703125
2022-11-08,38.224273681640625
2022-11-09,37.809654235839844
2022-11-10,37.15685272216797
2022-11-11,38.356597900390625
2022-11-14,38.03901290893555
2022-11-15,38.083126068115234
2022-11-16,37.90669631958008
2022-11-17,37.809654235839844
2022-11-18,37.70379638671875
2022-11-21,37.545005798339844
2022-11-22,37.79201126098633
2022-11-23,38.85943603515625
2022-11-24,38.780029296875
2022-11-25,39.52988052368164
2022-11-28,39.28287124633789
2022-11-29,38.99176025390625
2022-11-30,39.42401885986328
2022-12-01,39.626914978027344
2022-12-02,39.67102813720703
2022-12-05,39.92685317993164
2022-12-06,39.388736724853516
2022-12-07,39.28287124633789
2022-12-08,39.3093376159668
2022-12-09,39.406375885009766
2022-12-12,39.13290786743164
2022-12-13,39.388736724853516
2022-12-14,38.85061264038086
2022-12-15,37.7831916809082
2022-12-16,37.456783294677734
2022-12-19,37.880226135253906
2022-12-20,36.72459030151367
2022-12-21,37.12156677246094
2022-12-22,37.545005798339844
2022-12-23,37.183311462402344
2022-12-28,37.28035354614258
2022-12-29,36.830448150634766
2022-12-30,37.00688552856445
2023-01-03,37.13920974731445
2023-01-04,38.780029296875
2023-01-05,38.36542510986328
2023-01-06,38.93000793457031
2023-01-09,39.43284225463867
2023-01-10,39.69749450683594
2023-01-11,40.68551254272461
2023-01-12,40.1650390625
2023-01-13,40.173858642578125
2023-01-16,41.55004119873047
2023-01-17,41.02956008911133
2023-01-18,42.32634735107422
2023-01-19,42.40574264526367
2023-01-20,42.4410285949707
2023-01-23,42.50278091430664
2023-01-24,43.05854797363281
2023-01-25,43.499629974365234
2023-01-27,43.226158142089844
2023-01-30,43.07618713378906
2023-01-31,42.6792106628418
2023-02-01,42.33517074584961
2023-02-02,42.49395751953125
2023-02-03,42.43220520019531
2023-02-06,42.17637634277344
2023-02-07,41.53239822387695
2023-02-08,41.188350677490234
2023-02-09,41.07366943359375
2023-02-10,41.1265983581543
2023-02-13,39.035865783691406
2023-02-14,39.538700103759766
2023-02-15,39.547523498535156
2023-02-16,40.182682037353516
2023-02-17,40.1650390625
2023-02-20,40.56201171875
2023-02-21,40.46497344970703
2023-02-22,40.14739227294922
2023-02-23,39.584922790527344
2023-02-24,39.87077331542969
2023-02-27,39.649471282958984
2023-02-28,38.579856872558594
2023-03-01,39.022457122802734
2023-03-02,38.98557662963867
2023-03-03,39.05011749267578
2023-03-06,39.83388900756836
2023-03-07,40.202720642089844
2023-03-08,40.11973190307617
2023-03-09,40.276485443115234
2023-03-10,40.101295471191406
2023-03-13,39.56648254394531
2023-03-14,39.34518051147461
2023-03-15,39.4005126953125
2023-03-16,38.93947219848633
2023-03-17,38.94869613647461
2023-03-20,38.49686813354492
2023-03-21,38.93947219848633
2023-03-22,39.29907989501953
2023-03-23,38.533756256103516
2023-03-24,38.579856872558594
2023-03-27,38.533756256103516
2023-03-28,38.88414001464844
2023-03-29,38.72739028930664
2023-03-30,38.70895004272461
2023-03-31,39.160770416259766
2023-04-03,39.90765380859375
2023-04-04,40.49778366088867
2023-04-05,40.589996337890625
2023-04-06,40.52545166015625
2023-04-11,41.12479782104492
2023-04-12,41.81635665893555
2023-04-13,41.97311782836914
2023-04-14,42.00077819824219
2023-04-17,42.157535552978516
2023-04-18,41.86246871948242
2023-04-19,41.14324188232422
2023-04-20,41.161685943603516
2023-04-21,41.346099853515625
2023-04-24,41.49363708496094
2023-04-26,41.392208099365234
2023-04-27,41.041812896728516
2023-04-28,40.98649215698242
2023-05-01,41.65960693359375
2023-05-02,41.1340217590332
2023-05-03,41.93623352050781
2023-05-04,42.76610565185547
2023-05-05,42.54480743408203
2023-05-08,42.50791931152344
2023-05-09,42.61857604980469
2023-05-10,42.295841217041016
2023-05-11,42.31428527832031
2023-05-12,42.75688552856445
2023-05-15,42.76610565185547
2023-05-16,42.51714324951172
2023-05-17,42.35116958618164
2023-05-18,42.59090805053711
2023-05-19,42.81221008300781
2023-05-22,41.74259948730469
2023-05-23,41.788700103759766
2023-05-24,40.68220138549805
2023-05-25,40.33181381225586
2023-05-26,40.59921646118164
2023-05-29,40.52545166015625
2023-05-30,40.11973190307617
2023-05-31,39.271419525146484
2023-06-01,39.09622573852539
2023-06-02,39.087005615234375
2023-06-05,39.81544876098633
2023-06-06,39.105445861816406
2023-06-07,39.61259078979492
2023-06-08,39.077781677246094
2023-06-09,39.09622573852539
2023-06-13,38.93947219848633
2023-06-14,38.93947219848633
2023-06-15,39.271419525146484
2023-06-16,39.71401596069336
2023-06-19,39.8984375
2023-06-20,40.12895202636719
2023-06-21,39.169986724853516
2023-06-22,38.48765182495117
2023-06-23,38.43232727050781
2023-06-26,38.31245422363281
2023-06-27,38.865699768066406
2023-06-28,39.824668884277344
2023-06-29,40.00908279418945
2023-06-30,40.34103012084961
2023-07-03,41.364540100097656
2023-07-04,41.21701431274414
2023-07-05,41.576622009277344
2023-07-06,40.7559700012207
2023-07-07,39.93531799316406
2023-07-10,39.92609786987305
2023-07-11,40.534664154052734
2023-07-12,40.6729850769043
2023-07-13,41.355323791503906
2023-07-14,41.41064453125
2023-07-17,41.85324478149414
2023-07-18,41.982337951660156
2023-07-19,42.13909149169922
2023-07-20,41.087921142578125
2023-07-21,40.80207443237305
2023-07-24,40.7928581237793
2023-07-25,40.40557861328125
2023-07-26,40.94038772583008
2023-07-27,42.25896072387695
2023-07-28,42.04688262939453
2023-07-31,42.09299087524414
2023-08-01,42.904415130615234
2023-08-02,42.20363235473633
2023-08-03,41.81635665893555
2023-08-04,42.166751861572266
2023-08-07,42.54480743408203
2023-08-08,42.54480743408203
2023-08-09,42.64623260498047
2023-08-10,42.489479064941406
2023-08-11,43.53143310546875
2023-08-14,44.73013687133789
2023-08-15,44.06623840332031
2023-08-16,43.365455627441406
2023-08-17,42.7845458984375
2023-08-18,42.452598571777344
2023-08-21,42.8859748840332
2023-08-22,43.03350830078125
2023-08-23,42.793766021728516
2023-08-24,42.33047103881836
2023-08-25,42.05626678466797
2023-08-28,42.633033752441406
2023-08-29,42.746490478515625
2023-08-30,43.21924591064453
2023-08-31,43.18142318725586
2023-09-01,43.40835189819336
2023-09-04,43.30434036254883
2023-09-05,43.3232536315918
2023-09-06,43.247615814208984
2023-09-07,43.64472961425781
2023-09-08,43.47453308105469
2023-09-11,43.54072189331055
2023-09-12,43.606903076171875
2023-09-13,43.04905700683594
2023-09-14,42.97341537475586
2023-09-15,43.85274124145508
2023-09-18,43.63527297973633
2023-09-19,43.46508026123047
2023-09-20,43.559635162353516
2023-09-21,43.190879821777344
2023-09-22,43.4272575378418
2023-09-25,44.136390686035156
2023-09-26,43.606903076171875
2023-09-27,43.29488754272461
2023-09-28,43.30434036254883
2023-09-29,42.94504928588867
2023-10-02,42.68976593017578
2023-10-03,42.273738861083984
2023-10-04,42.03736114501953
2023-10-05,42.33047103881836
2023-10-06,42.69921875
2023-10-09,42.70866775512695
2023-10-10,43.673091888427734
2023-10-11,44.26876449584961
2023-10-12,44.84552764892578
2023-10-13,44.486228942871094
2023-10-16,43.956748962402344
2023-10-17,43.40835189819336
2023-10-18,42.746490478515625
2023-10-19,42.29264450073242
2023-10-20,42.05626678466797
2023-10-23,41.942813873291016
2023-10-24,41.80098342895508
2023-10-25,41.69697570800781
2023-10-26,41.621337890625
2023-10-27,42.207550048828125
2023-10-30,42.046817779541016
2023-10-31,42.70866775512695
2023-11-01,43.00177764892578
2023-11-02,43.37052536010742
2023-11-03,44.04184341430664
2023-11-06,44.11748123168945
2023-11-07,44.23094177246094
2023-11-08,43.49344253540039
2023-11-09,43.881099700927734
2023-11-10,43.833831787109375
2023-11-13,43.597450256347656
2023-11-14,43.70145797729492
2023-11-15,44.96844482421875
2023-11-16,44.996803283691406
2023-11-17,44.73206329345703
2023-11-20,45.233184814453125
2023-11-21,45.18590545654297
2023-11-22,44.798248291015625
2023-11-23,44.23094177246094
2023-11-24,43.881099700927734
2023-11-27,43.51235580444336
2023-11-28,43.97565460205078
2023-11-29,44.98735427856445
2023-11-30,45.233184814453125
2023-12-01,45.15753936767578
2023-12-04,45.63975143432617
2023-12-05,45.5830192565918
2023-12-06,46.13142013549805
2023-12-07,46.28269958496094
2023-12-08,46.38670349121094
2023-12-11,46.66090393066406
2023-12-12,46.91618728637695
2023-12-13,47.4645881652832
2023-12-14,47.57804489135742
2023-12-15,48.12644577026367
2023-12-18,48.353363037109375
2023-12-19,48.74102020263672
2023-12-20,49.14759063720703
2023-12-21,48.75048065185547
2023-12-22,48.91121292114258
2023-12-27,49.393428802490234
2023-12-28,50.291656494140625
2023-12-29,50.140377044677734
2024-01-02,51.435726165771484
2024-01-03,50.688777923583984
2024-01-04,50.253841400146484
2024-01-05,49.81890106201172
2024-01-08,49.89454650878906
2024-01-09,50.849510192871094
2024-01-10,51.700469970703125
2024-01-11,53.64822006225586
2024-01-12,54.707191467285156
2024-01-15,56.4327507019043
2024-01-16,55.851261138916016
2024-01-17,54.47080993652344
2024-01-18,54.75446319580078
2024-01-19,54.11151885986328
2024-01-22,54.89629364013672
2024-01-23,54.338443756103516
2024-01-24,54.21552658081055
2024-01-25,54.31007385253906
2024-01-29,54.73555374145508
2024-01-30,53.61985397338867
2024-01-31,54.07369613647461
2024-02-01,53.42129898071289
2024-02-02,53.42129898071289
2024-02-05,52.49469757080078
2024-02-06,52.976905822753906
2024-02-07,53.08091354370117
2024-02-08,53.07145690917969
2024-02-09,53.468570709228516
2024-02-12,57.27897644042969
2024-02-13,60.47480010986328
2024-02-14,58.42304611206055
2024-02-15,60.531524658203125
2024-02-16,60.94755172729492
2024-02-19,61.354122161865234
2024-02-20,61.48649215698242
2024-02-21,61.127201080322266
2024-02-22,60.380916595458984
2024-02-23,60.76859664916992
2024-02-26,60.08047103881836
2024-02-27,60.04169845581055
2024-02-28,59.043426513671875
2024-02-29,59.66371536254883
2024-03-01,58.297149658203125
2024-03-04,57.987003326416016
2024-03-05,57.71562957763672
2024-03-06,58.229305267333984
2024-03-07,56.94027328491211
2024-03-08,57.67686080932617
2024-03-11,56.70766067504883
2024-03-12,57.84162521362305
2024-03-13,58.6557502746582
2024-03-14,58.25838088989258
2024-03-15,58.85927963256836
2024-03-18,59.2469596862793
2024-03-19,59.36326217651367
2024-03-20,59.566795349121094
2024-03-21,60.97212600708008
2024-03-22,59.62494659423828
2024-03-25,60.516605377197266
2024-03-26,61.13689422607422
2024-03-27,61.93163299560547
2024-03-28,62.270851135253906
2024-04-02,63.24004364013672
2024-04-03,61.96070861816406
2024-04-04,61.66994857788086
2024-04-05,61.127197265625
2024-04-08,61.09812545776367
2024-04-09,61.534263610839844
2024-04-10,62.0285530090332
2024-04-11,61.4954948425293
2024-04-12,61.04966735839844
2024-04-15,60.72013854980469
2024-04-16,58.96589279174805
2024-04-17,59.55710220336914
2024-04-18,59.95447540283203
2024-04-19,59.2178840637207
2024-04-22,59.98354721069336
2024-04-23,60.50691604614258
2024-04-24,59.411720275878906
2024-04-26,58.6557502746582
2024-04-29,59.73155975341797
2024-04-30,59.16942596435547
2024-05-01,58.0742301940918
2024-05-02,58.08392333984375
2024-05-03,58.48129653930664
2024-05-06,58.0742301940918
2024-05-07,59.111270904541016
2024-05-08,58.1226921081543
2024-05-09,55.48647689819336
2024-05-10,54.556053161621094
2024-05-13,55.534934997558594
2024-05-14,55.951690673828125
2024-05-15,56.17461013793945
2024-05-16,55.92261505126953
2024-05-17,55.38956069946289
2024-05-20,54.808040618896484
2024-05-21,55.64155197143555
2024-05-22,55.370174407958984
2024-05-23,55.64155197143555
2024-05-24,55.48647689819336
2024-05-27,56.23276138305664
2024-05-28,55.8256950378418
2024-05-29,55.00188064575195
2024-05-30,55.44771194458008
2024-05-31,56.4362907409668
2024-06-03,56.659202575683594
2024-06-04,56.71735763549805
2024-06-05,57.29887390136719
2024-06-06,57.67686080932617
2024-06-07,58.02577209472656
2024-06-11,57.8997802734375
2024-06-12,58.9755859375
2024-06-13,60.75890350341797
2024-06-14,61.33073043823242
2024-06-17,60.68136978149414
2024-06-18,62.52284622192383
2024-06-19,62.74575424194336
2024-06-20,62.5906867980957
2024-06-21,62.212703704833984
2024-06-24,60.797672271728516
2024-06-25,61.573028564453125
2024-06-26,59.95447540283203
2024-06-27,59.7800178527832
2024-06-28,59.324493408203125
2024-07-01,58.93681716918945
2024-07-02,59.353572845458984
2024-07-03,59.324493408203125
2024-07-04,60.2452278137207
2024-07-05,60.409996032714844
2024-07-08,61.11750793457031
2024-07-09,61.039974212646484
2024-07-10,62.40653610229492
2024-07-11,63.14312744140625
2024-07-12,64.07355499267578
2024-07-15,63.947566986083984
2024-07-16,63.57926559448242
2024-07-17,63.2497444152832
2024-07-18,63.0074462890625
2024-07-19,63.09466552734375
2024-07-22,63.86033248901367
2024-07-23,65.49827575683594
2024-07-24,65.80841827392578
2024-07-25,64.58722686767578
2024-07-26,65.22689819335938
2024-07-29,64.27709197998047
2024-07-30,64.70353698730469
2024-07-31,67.5045166015625
2024-08-01,68.13449096679688
2024-08-02,66.06040954589844
2024-08-05,63.20127868652344
2024-08-06,64.31585693359375
2024-08-07,64.72291564941406
2024-08-08,64.36431884765625
2024-08-09,65.29474639892578
2024-08-12,70.73194122314453
2024-08-13,73.591064453125
2024-08-14,73.91089630126953
2024-08-15,73.5716781616211
2024-08-16,75.00608825683594
2024-08-19,74.91886138916016
2024-08-20,75.45191955566406
2024-08-21,74.88009643554688
2024-08-22,75.4105224609375
2024-08-23,76.09813690185547
2024-08-26,77.79749298095703
2024-08-27,76.73662567138672
2024-08-28,77.43405151367188
2024-08-29,76.8741455078125
2024-08-30,78.16094207763672
2024-09-02,79.54598236083984
2024-09-03,80.00765228271484
2024-09-04,79.35934448242188
2024-09-05,79.14323425292969
2024-09-06,80.54791259765625
2024-09-09,79.16287994384766
2024-09-10,79.909423828125
2024-09-11,80.2237548828125
2024-09-12,80.85242462158203
2024-09-13,80.1353530883789
2024-09-16,78.99589538574219
2024-09-17,79.32987213134766
2024-09-18,77.67962646484375
2024-09-19,77.41439819335938
2024-09-20,78.4654541015625
2024-09-23,76.86431884765625
2024-09-24,77.46351623535156
2024-09-25,77.21794891357422
2024-09-26,79.54598236083984
2024-09-27,78.42616271972656
2024-09-30,78.52439880371094
2024-10-01,79.96836853027344
2024-10-02,79.60491180419922
2024-10-03,79.07447814941406
2024-10-04,77.81714630126953
2024-10-07,78.10201263427734
2024-10-08,79.06465148925781
2024-10-09,80.07640838623047
2024-10-10,79.69332122802734
2024-10-11,78.8878402709961
2024-10-14,79.11376953125
2024-10-15,80.1353530883789
2024-10-16,79.45757293701172
2024-10-17,80.69525909423828
2024-10-18,79.46739196777344
2024-10-21,79.56562042236328
2024-10-22,77.42422485351562
2024-10-23,79.43792724609375
2024-10-24,78.41634368896484
2024-10-25,78.54403686523438
2024-10-28,78.19041442871094
2024-10-29,78.43598937988281
2024-10-30,76.53034210205078
2024-10-31,80.57738494873047
2024-11-01,80.38092803955078
2024-11-04,80.21393585205078
2024-11-05,78.95659637451172
2024-11-06,81.09799194335938
2024-11-07,80.36127471923828
2024-11-08,83.49478912353516
2024-11-11,84.10381317138672
2024-11-12,86.09786224365234
2024-11-13,86.01927947998047
2024-11-14,86.39254760742188
2024-11-15,87.88563537597656
2024-11-18,87.63023376464844
2024-11-19,88.13121032714844
2024-11-20,87.04086303710938
2024-11-21,87.109619140625
2024-11-22,88.46517944335938
2024-11-25,88.85810089111328
2024-11-26,88.62235260009766
2024-11-27,89.33942413330078
2024-11-28,89.55552673339844
2024-11-29,89.25102233886719
2024-12-02,89.56535339355469
2024-12-03,91.15666961669922
2024-12-04,91.35311889648438
2024-12-05,92.52204895019531
2024-12-06,93.12125396728516
2024-12-09,93.51416015625
2024-12-10,91.5888671875
2024-12-11,91.51029205322266
2024-12-12,91.81480407714844
2024-12-13,93.31770324707031
2024-12-16,92.3452377319336
2024-12-17,94.31964111328125
2024-12-18,94.67326354980469
2024-12-19,92.44346618652344
2024-12-20,90.2726058959961
2024-12-23,93.58292388916016
2024-12-24,94.29999542236328
2024-12-27,94.90901947021484
2024-12-30,94.91883850097656
2024-12-31,91.03878784179688
2025-01-02,92.91496276855469
2025-01-03,93.26858520507812
2025-01-06,93.54363250732422
2025-01-07,93.61239624023438
2025-01-08,94.43751525878906
2025-01-09,94.69291687011719
2025-01-10,95.32157897949219
2025-01-13,94.79114532470703
2025-01-14,93.23912048339844
2025-01-15,92.55152130126953
2025-01-16,92.44346618652344
2025-01-17,90.45923614501953
2025-01-20,93.17035675048828
2025-01-21,96.27440643310547
2025-01-22,98.85782623291016
2025-01-23,96.736083984375
2025-01-24,96.3136978149414
2025-01-28,96.65750122070312
2025-01-29,98.49437713623047
2025-01-30,99.09357452392578
2025-01-31,99.7124252319336
2025-02-03,99.45703125
2025-02-04,99.91870880126953
2025-02-05,100.43932342529297
2025-02-06,100.17410278320312
2025-02-07,100.63577270507812
2025-02-10,96.04847717285156
2025-02-11,97.96395111083984
2025-02-12,100.18392181396484
2025-02-13,99.09357452392578
2025-02-14,99.64366912841797
2025-02-17,99.9776382446289
